timestamp,hour,day_of_year,ghi,dni,dhi,temperature,cloud_cover,wind_speed,power_output_kw
2025-01-01 00:00:00,0,1,0.0,7.5,4.7,-1.68,0.3644,2.05,0.0
2025-01-01 01:00:00,1,1,0.0,0.0,0.0,3.98,0.329,5.68,0.0
2025-01-01 02:00:00,2,1,16.91,15.52,1.23,2.96,0.3166,3.56,0.167
2025-01-01 03:00:00,3,1,0.0,0.0,0.0,4.67,0.4791,5.18,0.0
2025-01-01 04:00:00,4,1,0.0,5.32,1.83,3.05,0.2178,6.38,0.0
2025-01-01 05:00:00,5,1,0.0,0.0,0.0,3.45,0.7318,7.63,0.0
2025-01-01 06:00:00,6,1,0.0,0.0,3.25,6.71,0.2807,6.81,0.0
2025-01-01 07:00:00,7,1,95.28,69.28,26.64,8.26,0.1703,6.27,0.943
2025-01-01 08:00:00,8,1,137.36,82.61,54.76,4.81,0.4392,5.25,1.36
2025-01-01 09:00:00,9,1,232.81,159.12,73.53,7.03,0.2094,6.87,2.305
2025-01-01 10:00:00,10,1,347.14,279.34,72.36,10.97,0.0,6.19,3.437
2025-01-01 11:00:00,11,1,317.01,225.14,92.08,7.5,0.2337,2.82,3.138
2025-01-01 12:00:00,12,1,377.64,280.96,97.04,9.37,0.1196,4.24,3.739
2025-01-01 13:00:00,13,1,261.9,157.97,93.97,9.33,0.4286,2.91,2.593
2025-01-01 14:00:00,14,1,342.49,258.29,77.37,10.51,0.0643,3.67,3.391
2025-01-01 15:00:00,15,1,191.93,107.42,71.5,5.38,0.4365,0.42,1.9
2025-01-01 16:00:00,16,1,182.43,146.39,34.8,6.97,0.0389,4.22,1.806
2025-01-01 17:00:00,17,1,97.98,57.67,27.67,4.62,0.2322,1.56,0.97
2025-01-01 18:00:00,18,1,0.0,4.34,1.19,4.03,0.4715,0.0,0.0
2025-01-01 19:00:00,19,1,0.0,2.33,0.11,5.43,0.3179,1.71,0.0
2025-01-01 20:00:00,20,1,2.69,4.22,7.44,3.89,0.0987,2.8,0.027
2025-01-01 21:00:00,21,1,0.0,0.0,0.0,1.44,0.5961,0.52,0.0
2025-01-01 22:00:00,22,1,0.0,0.0,0.0,2.85,0.4305,4.26,0.0
2025-01-01 23:00:00,23,1,43.71,23.75,16.08,-2.04,0.7028,3.88,0.433
2025-01-02 00:00:00,0,2,0.0,0.0,0.0,4.39,0.1443,4.24,0.0
2025-01-02 01:00:00,1,2,0.0,0.0,0.0,2.15,0.2752,7.17,0.0
2025-01-02 02:00:00,2,2,14.74,4.35,0.0,0.33,0.3329,3.91,0.146
2025-01-02 03:00:00,3,2,0.0,8.38,0.0,4.12,0.7326,5.99,0.0
2025-01-02 04:00:00,4,2,0.0,0.0,2.23,1.35,0.2756,3.89,0.0
2025-01-02 05:00:00,5,2,2.59,17.8,1.37,2.02,0.0513,6.36,0.026
2025-01-02 06:00:00,6,2,3.29,0.0,6.94,6.12,0.5681,8.3,0.033
2025-01-02 07:00:00,7,2,59.98,24.0,28.49,10.0,0.3435,5.66,0.594
2025-01-02 08:00:00,8,2,190.6,119.47,51.2,9.05,0.2302,5.14,1.887
2025-01-02 09:00:00,9,2,219.74,145.56,77.87,8.98,0.3059,6.38,2.175
2025-01-02 10:00:00,10,2,352.41,273.49,64.39,7.83,0.0,4.5,3.489
2025-01-02 11:00:00,11,2,229.21,127.51,88.35,9.43,0.4901,6.02,2.269
2025-01-02 12:00:00,12,2,301.06,176.91,106.65,9.81,0.4145,4.36,2.981
2025-01-02 13:00:00,13,2,276.52,174.81,94.3,15.12,0.3422,6.3,2.738
2025-01-02 14:00:00,14,2,312.75,214.26,76.64,10.22,0.1362,4.81,3.096
2025-01-02 15:00:00,15,2,243.69,153.86,63.63,6.67,0.1611,1.79,2.413
2025-01-02 16:00:00,16,2,182.36,116.32,38.73,12.02,0.1315,0.34,1.805
2025-01-02 17:00:00,17,2,126.16,124.46,23.79,5.82,0.0875,2.58,1.249
2025-01-02 18:00:00,18,2,0.0,0.0,3.89,6.13,0.6526,1.44,0.0
2025-01-02 19:00:00,19,2,0.0,0.0,0.0,2.72,0.2801,1.24,0.0
2025-01-02 20:00:00,20,2,15.19,10.66,7.23,2.37,0.4012,2.27,0.15
2025-01-02 21:00:00,21,2,4.75,2.44,11.72,5.41,0.1626,3.16,0.047
2025-01-02 22:00:00,22,2,0.0,11.91,1.31,3.22,0.1543,0.38,0.0
2025-01-02 23:00:00,23,2,6.82,0.0,0.35,2.79,0.4924,3.56,0.067
2025-01-03 00:00:00,0,3,0.0,0.0,0.76,5.24,0.2519,0.15,0.0
2025-01-03 01:00:00,1,3,2.65,4.73,0.0,-1.21,0.263,5.01,0.026
2025-01-03 02:00:00,2,3,0.0,8.64,0.0,2.18,0.6558,3.42,0.0
2025-01-03 03:00:00,3,3,19.5,19.05,14.46,4.65,0.2434,6.07,0.193
2025-01-03 04:00:00,4,3,6.58,11.38,1.57,2.43,0.6591,4.69,0.065
2025-01-03 05:00:00,5,3,0.0,7.82,0.0,4.64,0.5082,7.06,0.0
2025-01-03 06:00:00,6,3,10.96,0.0,4.81,2.96,0.6745,5.22,0.109
2025-01-03 07:00:00,7,3,66.78,25.98,24.65,6.66,0.6126,4.11,0.661
2025-01-03 08:00:00,8,3,182.16,141.24,52.31,3.22,0.1761,6.19,1.803
2025-01-03 09:00:00,9,3,224.97,159.61,63.9,7.65,0.3247,6.3,2.227
2025-01-03 10:00:00,10,3,376.33,304.75,79.5,8.49,0.0,6.22,3.726
2025-01-03 11:00:00,11,3,243.28,133.23,101.0,8.4,0.524,4.3,2.408
2025-01-03 12:00:00,12,3,328.9,227.1,97.3,10.05,0.2798,6.22,3.256
2025-01-03 13:00:00,13,3,334.83,242.83,92.83,10.15,0.1616,5.48,3.315
2025-01-03 14:00:00,14,3,238.86,139.1,105.43,9.22,0.4817,0.0,2.365
2025-01-03 15:00:00,15,3,145.43,71.53,72.35,5.63,0.6312,0.71,1.44
2025-01-03 16:00:00,16,3,192.58,158.46,41.14,8.35,0.0,0.15,1.907
2025-01-03 17:00:00,17,3,106.67,80.62,23.63,8.0,0.0,2.28,1.056
2025-01-03 18:00:00,18,3,3.44,7.26,0.0,4.94,0.4624,2.3,0.034
2025-01-03 19:00:00,19,3,0.0,5.21,0.0,2.06,0.4744,3.31,0.0
2025-01-03 20:00:00,20,3,0.0,0.0,0.0,0.94,0.0,3.39,0.0
2025-01-03 21:00:00,21,3,2.97,12.89,7.53,2.16,0.2533,4.62,0.029
2025-01-03 22:00:00,22,3,0.0,0.0,0.0,0.52,0.3287,2.46,0.0
2025-01-03 23:00:00,23,3,25.81,0.75,11.99,0.22,0.471,4.19,0.256
2025-01-04 00:00:00,0,4,0.0,9.28,0.0,1.27,0.2875,2.4,0.0
2025-01-04 01:00:00,1,4,6.42,2.66,3.4,3.07,0.1829,6.5,0.064
2025-01-04 02:00:00,2,4,0.0,10.67,0.0,4.57,0.2452,5.58,0.0
2025-01-04 03:00:00,3,4,5.23,22.94,12.03,2.48,0.2875,5.65,0.052
2025-01-04 04:00:00,4,4,0.0,3.33,0.0,2.97,0.529,4.48,0.0
2025-01-04 05:00:00,5,4,0.0,0.0,0.0,1.76,0.0,8.84,0.0
2025-01-04 06:00:00,6,4,0.0,3.48,0.0,4.77,0.535,6.28,0.0
2025-01-04 07:00:00,7,4,66.25,49.14,19.14,6.65,0.4376,9.83,0.656
2025-01-04 08:00:00,8,4,171.5,107.38,61.79,7.73,0.3584,5.48,1.698
2025-01-04 09:00:00,9,4,262.22,180.56,72.33,11.05,0.1579,5.96,2.596
2025-01-04 10:00:00,10,4,293.76,194.25,93.57,6.01,0.2565,4.5,2.908
2025-01-04 11:00:00,11,4,373.87,312.74,79.25,8.73,0.0,2.26,3.701
2025-01-04 12:00:00,12,4,402.13,345.9,82.6,9.22,0.0,4.7,3.981
2025-01-04 13:00:00,13,4,391.37,313.79,78.09,11.75,0.0016,4.0,3.875
2025-01-04 14:00:00,14,4,225.75,139.08,93.7,7.73,0.4474,1.67,2.235
2025-01-04 15:00:00,15,4,160.84,95.99,67.33,11.79,0.5809,2.78,1.592
2025-01-04 16:00:00,16,4,172.39,102.8,54.97,6.95,0.3654,2.95,1.707
2025-01-04 17:00:00,17,4,115.7,87.14,28.91,1.85,0.0006,0.89,1.145
2025-01-04 18:00:00,18,4,0.0,2.48,0.0,4.84,0.0,1.76,0.0
2025-01-04 19:00:00,19,4,0.0,7.07,3.31,3.11,0.3544,2.9,0.0
2025-01-04 20:00:00,20,4,30.53,17.86,9.12,0.84,0.373,0.72,0.302
2025-01-04 21:00:00,21,4,0.0,0.0,1.67,2.44,0.0649,1.44,0.0
2025-01-04 22:00:00,22,4,11.09,4.54,1.14,3.44,0.4938,3.28,0.11
2025-01-04 23:00:00,23,4,0.0,2.62,0.0,2.72,0.0241,1.3,0.0
2025-01-05 00:00:00,0,5,18.72,6.98,9.94,-2.43,0.5844,2.27,0.185
2025-01-05 01:00:00,1,5,0.0,7.14,9.99,0.04,0.2584,3.26,0.0
2025-01-05 02:00:00,2,5,24.17,2.71,9.6,6.03,0.3643,2.52,0.239
2025-01-05 03:00:00,3,5,0.0,0.0,4.06,2.87,0.061,2.75,0.0
2025-01-05 04:00:00,4,5,0.0,12.74,0.0,1.12,0.4203,6.54,0.0
2025-01-05 05:00:00,5,5,6.72,0.0,5.3,0.32,0.4698,6.28,0.067
2025-01-05 06:00:00,6,5,6.69,0.0,0.0,6.82,0.0324,6.36,0.066
2025-01-05 07:00:00,7,5,112.78,74.85,31.49,7.22,0.1944,5.0,1.117
2025-01-05 08:00:00,8,5,134.32,75.71,55.78,5.81,0.4114,2.11,1.33
2025-01-05 09:00:00,9,5,189.74,87.08,76.79,8.3,0.6394,4.98,1.878
2025-01-05 10:00:00,10,5,265.15,180.9,85.27,6.73,0.2792,6.05,2.625
2025-01-05 11:00:00,11,5,183.19,76.52,89.25,11.45,0.7277,1.92,1.814
2025-01-05 12:00:00,12,5,297.72,204.54,100.36,13.72,0.3501,2.34,2.947
2025-01-05 13:00:00,13,5,272.8,150.27,102.88,12.64,0.4346,3.0,2.701
2025-01-05 14:00:00,14,5,356.25,275.97,69.54,9.56,0.0,0.44,3.527
2025-01-05 15:00:00,15,5,298.32,233.43,46.84,10.49,0.0,2.99,2.953
2025-01-05 16:00:00,16,5,159.15,121.8,44.68,12.65,0.1744,2.9,1.576
2025-01-05 17:00:00,17,5,72.5,51.86,29.07,9.19,0.3947,1.29,0.718
2025-01-05 18:00:00,18,5,0.0,7.91,7.49,4.47,0.2301,1.36,0.0
2025-01-05 19:00:00,19,5,0.0,9.52,0.0,0.74,0.38,0.89,0.0
2025-01-05 20:00:00,20,5,0.0,0.0,0.0,4.61,0.0,1.9,0.0
2025-01-05 21:00:00,21,5,0.0,10.49,0.0,0.57,0.111,3.42,0.0
2025-01-05 22:00:00,22,5,9.71,6.31,6.51,0.32,0.2729,2.98,0.096
2025-01-05 23:00:00,23,5,0.0,0.0,3.43,1.69,0.2751,1.95,0.0
2025-01-06 00:00:00,0,6,16.92,0.0,0.0,0.59,0.3014,6.19,0.168
2025-01-06 01:00:00,1,6,11.51,0.0,0.0,3.33,0.3771,4.61,0.114
2025-01-06 02:00:00,2,6,0.0,2.78,0.79,3.99,0.4304,6.21,0.0
2025-01-06 03:00:00,3,6,0.0,10.02,5.94,0.4,0.0,2.62,0.0
2025-01-06 04:00:00,4,6,13.96,26.77,7.28,1.69,0.3404,4.39,0.138
2025-01-06 05:00:00,5,6,0.0,0.0,10.24,6.01,0.3229,7.64,0.0
2025-01-06 06:00:00,6,6,12.83,15.78,5.48,7.94,0.1365,6.95,0.127
2025-01-06 07:00:00,7,6,78.9,48.04,21.65,6.9,0.4686,5.1,0.781
2025-01-06 08:00:00,8,6,221.78,187.54,56.89,8.45,0.0647,7.76,2.196
2025-01-06 09:00:00,9,6,224.39,132.34,75.86,9.09,0.323,3.46,2.222
2025-01-06 10:00:00,10,6,273.3,194.2,93.06,9.79,0.3104,5.37,2.706
2025-01-06 11:00:00,11,6,297.4,178.11,97.92,8.78,0.3295,2.64,2.944
2025-01-06 12:00:00,12,6,287.98,151.63,105.69,12.43,0.4229,5.59,2.851
2025-01-06 13:00:00,13,6,242.27,121.68,93.99,10.96,0.5258,4.05,2.399
2025-01-06 14:00:00,14,6,219.16,110.66,88.29,9.13,0.5781,3.33,2.17
2025-01-06 15:00:00,15,6,222.07,149.07,66.78,7.72,0.2802,3.05,2.198
2025-01-06 16:00:00,16,6,173.01,120.36,45.53,6.98,0.2402,4.42,1.713
2025-01-06 17:00:00,17,6,68.1,32.86,16.17,6.79,0.0882,1.89,0.674
2025-01-06 18:00:00,18,6,0.0,3.96,7.81,3.18,0.5635,1.43,0.0
2025-01-06 19:00:00,19,6,0.0,0.0,7.14,6.11,0.17,1.56,0.0
2025-01-06 20:00:00,20,6,0.53,17.78,0.0,2.7,0.7016,2.82,0.005
2025-01-06 21:00:00,21,6,12.77,0.0,12.28,1.71,0.9564,1.85,0.126
2025-01-06 22:00:00,22,6,0.47,3.04,0.26,3.11,0.5023,3.64,0.005
2025-01-06 23:00:00,23,6,10.0,0.0,0.0,2.32,0.0,3.61,0.099
2025-01-07 00:00:00,0,7,12.47,0.0,1.38,1.32,0.1853,3.93,0.123
2025-01-07 01:00:00,1,7,0.0,7.24,0.32,-1.29,0.3798,1.58,0.0
2025-01-07 02:00:00,2,7,0.0,0.0,0.0,2.94,0.3216,6.42,0.0
2025-01-07 03:00:00,3,7,0.0,0.0,1.44,4.98,0.1018,4.77,0.0
2025-01-07 04:00:00,4,7,0.0,0.0,0.0,1.67,0.0,5.79,0.0
2025-01-07 05:00:00,5,7,15.74,3.77,0.48,3.45,0.2617,3.63,0.156
2025-01-07 06:00:00,6,7,1.54,0.0,8.5,4.25,0.402,9.09,0.015
2025-01-07 07:00:00,7,7,65.72,44.11,15.1,5.28,0.279,6.53,0.651
2025-01-07 08:00:00,8,7,130.34,85.79,54.54,10.86,0.4352,6.53,1.29
2025-01-07 09:00:00,9,7,133.78,63.93,54.35,9.26,0.5967,4.56,1.324
2025-01-07 10:00:00,10,7,309.03,200.59,99.82,9.36,0.2908,5.11,3.059
2025-01-07 11:00:00,11,7,309.57,208.97,110.43,10.94,0.3252,5.4,3.065
2025-01-07 12:00:00,12,7,384.17,298.71,95.59,10.91,0.0939,5.33,3.803
2025-01-07 13:00:00,13,7,291.72,174.69,105.83,10.99,0.4222,0.0,2.888
2025-01-07 14:00:00,14,7,196.5,100.6,73.05,10.77,0.4006,1.26,1.945
2025-01-07 15:00:00,15,7,273.84,189.37,85.88,9.02,0.1816,3.2,2.711
2025-01-07 16:00:00,16,7,108.63,41.72,49.31,7.92,0.6474,0.22,1.075
2025-01-07 17:00:00,17,7,74.23,58.5,23.12,6.22,0.2729,1.91,0.735
2025-01-07 18:00:00,18,7,9.25,0.0,0.0,7.7,0.3687,1.38,0.092
2025-01-07 19:00:00,19,7,6.66,9.82,0.0,2.95,0.0407,3.17,0.066
2025-01-07 20:00:00,20,7,9.48,0.0,5.06,1.88,0.3989,1.54,0.094
2025-01-07 21:00:00,21,7,22.19,30.17,15.43,2.27,0.4982,3.11,0.22
2025-01-07 22:00:00,22,7,1.82,2.33,4.83,2.37,0.4774,1.91,0.018
2025-01-07 23:00:00,23,7,9.51,6.49,4.52,3.83,0.2411,2.92,0.094
2025-01-08 00:00:00,0,8,5.68,0.0,9.44,1.54,0.4787,1.52,0.056
2025-01-08 01:00:00,1,8,0.0,0.52,0.0,1.87,0.1184,5.45,0.0
2025-01-08 02:00:00,2,8,4.74,6.95,4.78,-1.67,0.3954,4.45,0.047
2025-01-08 03:00:00,3,8,0.54,0.39,5.34,4.92,0.0,5.72,0.005
2025-01-08 04:00:00,4,8,7.28,0.0,2.11,4.52,0.2274,4.9,0.072
2025-01-08 05:00:00,5,8,10.16,0.0,8.89,3.94,0.4886,6.08,0.101
2025-01-08 06:00:00,6,8,0.0,0.0,2.71,3.63,0.175,6.66,0.0
2025-01-08 07:00:00,7,8,98.3,75.85,35.0,4.08,0.0791,8.14,0.973
2025-01-08 08:00:00,8,8,158.53,99.67,56.59,7.74,0.3574,7.91,1.569
2025-01-08 09:00:00,9,8,259.23,170.33,76.03,6.94,0.2362,6.1,2.566
2025-01-08 10:00:00,10,8,192.68,92.78,80.48,9.42,0.6165,2.61,1.908
2025-01-08 11:00:00,11,8,361.84,276.45,107.38,9.2,0.1449,6.67,3.582
2025-01-08 12:00:00,12,8,296.59,185.81,104.26,10.76,0.3762,3.39,2.936
2025-01-08 13:00:00,13,8,364.55,289.46,78.5,9.18,0.0478,3.5,3.609
2025-01-08 14:00:00,14,8,231.71,122.45,97.56,13.03,0.4864,3.74,2.294
2025-01-08 15:00:00,15,8,197.72,117.85,83.91,10.28,0.5222,3.37,1.957
2025-01-08 16:00:00,16,8,201.81,136.99,45.11,10.65,0.108,3.53,1.998
2025-01-08 17:00:00,17,8,53.17,14.4,22.72,7.04,0.6249,2.19,0.526
2025-01-08 18:00:00,18,8,0.0,3.52,0.0,6.44,0.5542,2.0,0.0
2025-01-08 19:00:00,19,8,0.0,0.0,0.0,6.09,0.1775,1.92,0.0
2025-01-08 20:00:00,20,8,0.0,0.0,0.0,1.17,0.2787,4.34,0.0
2025-01-08 21:00:00,21,8,19.33,13.23,6.33,2.37,0.2945,2.59,0.191
2025-01-08 22:00:00,22,8,0.0,0.0,0.0,2.57,0.6712,4.04,0.0
2025-01-08 23:00:00,23,8,0.0,10.19,5.15,2.91,0.4221,4.93,0.0
2025-01-09 00:00:00,0,9,0.0,6.98,0.55,2.6,0.3854,6.21,0.0
2025-01-09 01:00:00,1,9,0.0,0.0,0.0,2.09,0.0,2.26,0.0
2025-01-09 02:00:00,2,9,0.0,24.57,9.01,1.78,0.1338,4.45,0.0
2025-01-09 03:00:00,3,9,0.0,0.0,0.0,2.43,0.101,3.01,0.0
2025-01-09 04:00:00,4,9,2.23,5.25,2.69,-0.04,0.1785,7.01,0.022
2025-01-09 05:00:00,5,9,9.49,6.68,0.0,1.97,0.1708,6.48,0.094
2025-01-09 06:00:00,6,9,0.0,15.32,5.04,5.09,0.4535,7.13,0.0
2025-01-09 07:00:00,7,9,79.37,22.74,34.02,9.87,0.7176,4.34,0.786
2025-01-09 08:00:00,8,9,191.33,150.92,42.83,6.8,0.0664,4.72,1.894
2025-01-09 09:00:00,9,9,240.64,192.66,67.75,10.91,0.1884,4.68,2.382
2025-01-09 10:00:00,10,9,271.59,150.88,79.33,6.31,0.2937,1.63,2.689
2025-01-09 11:00:00,11,9,395.87,298.09,100.16,11.25,0.0918,5.69,3.919
2025-01-09 12:00:00,12,9,378.66,281.69,95.67,11.72,0.1507,4.85,3.749
2025-01-09 13:00:00,13,9,320.04,208.84,92.73,11.09,0.221,2.29,3.168
2025-01-09 14:00:00,14,9,279.31,182.68,101.18,12.49,0.3362,1.5,2.765
2025-01-09 15:00:00,15,9,139.63,75.55,65.55,8.31,0.6676,0.0,1.382
2025-01-09 16:00:00,16,9,139.14,100.36,51.92,6.51,0.2965,2.72,1.378
2025-01-09 17:00:00,17,9,83.69,66.93,22.77,10.37,0.1858,1.34,0.829
2025-01-09 18:00:00,18,9,1.46,8.74,0.0,5.5,0.5307,1.83,0.014
2025-01-09 19:00:00,19,9,9.93,13.63,5.6,5.68,0.1637,4.24,0.098
2025-01-09 20:00:00,20,9,5.6,0.0,1.81,1.4,0.2559,4.7,0.055
2025-01-09 21:00:00,21,9,0.0,11.94,0.0,-1.43,0.4036,3.78,0.0
2025-01-09 22:00:00,22,9,3.76,0.0,1.15,6.61,0.343,4.24,0.037
2025-01-09 23:00:00,23,9,0.0,0.0,0.0,3.12,0.3648,4.75,0.0
2025-01-10 00:00:00,0,10,0.0,0.0,0.0,2.77,0.0191,0.87,0.0
2025-01-10 01:00:00,1,10,11.31,3.95,0.0,0.67,0.4571,6.37,0.112
2025-01-10 02:00:00,2,10,0.0,0.0,4.02,1.31,0.0,5.61,0.0
2025-01-10 03:00:00,3,10,27.54,13.84,12.32,-0.31,0.4474,7.2,0.273
2025-01-10 04:00:00,4,10,0.0,0.0,0.0,3.12,0.1822,7.18,0.0
2025-01-10 05:00:00,5,10,0.0,0.0,3.71,-1.09,0.3928,4.32,0.0
2025-01-10 06:00:00,6,10,4.05,6.33,10.93,6.6,0.5096,6.99,0.04
2025-01-10 07:00:00,7,10,34.03,4.33,20.88,7.83,0.8764,5.14,0.337
2025-01-10 08:00:00,8,10,224.45,168.49,52.7,9.99,0.1278,5.57,2.222
2025-01-10 09:00:00,9,10,242.15,146.45,77.67,13.02,0.2837,6.11,2.397
2025-01-10 10:00:00,10,10,285.36,187.23,85.37,9.24,0.259,6.37,2.825
2025-01-10 11:00:00,11,10,418.47,330.98,85.58,8.24,0.0,6.51,4.143
2025-01-10 12:00:00,12,10,250.54,112.2,112.72,11.47,0.5834,1.59,2.48
2025-01-10 13:00:00,13,10,310.82,203.03,104.0,11.07,0.3294,5.69,3.077
2025-01-10 14:00:00,14,10,162.57,79.78,69.37,6.49,0.5795,3.14,1.609
2025-01-10 15:00:00,15,10,150.54,79.84,60.7,7.85,0.584,4.8,1.49
2025-01-10 16:00:00,16,10,181.32,105.87,61.95,9.37,0.2257,1.99,1.795
2025-01-10 17:00:00,17,10,50.89,41.11,17.71,6.55,0.4494,1.33,0.504
2025-01-10 18:00:00,18,10,10.42,9.76,6.25,5.64,0.2181,2.77,0.103
2025-01-10 19:00:00,19,10,33.45,6.89,16.35,5.4,0.2505,0.79,0.331
2025-01-10 20:00:00,20,10,14.93,15.83,7.79,2.23,0.7801,1.95,0.148
2025-01-10 21:00:00,21,10,21.02,14.29,3.11,4.31,0.4124,3.97,0.208
2025-01-10 22:00:00,22,10,11.18,3.64,0.0,0.93,0.4652,0.55,0.111
2025-01-10 23:00:00,23,10,0.0,0.0,0.0,0.17,0.3816,5.16,0.0
2025-01-11 00:00:00,0,11,5.41,0.0,8.72,2.44,0.2047,4.44,0.054
2025-01-11 01:00:00,1,11,22.75,6.0,8.89,2.07,0.8028,5.28,0.225
2025-01-11 02:00:00,2,11,0.0,14.67,0.0,7.32,0.3166,5.14,0.0
2025-01-11 03:00:00,3,11,5.36,12.06,0.0,1.02,0.6947,6.1,0.053
2025-01-11 04:00:00,4,11,0.6,0.0,0.0,-0.13,0.5354,3.08,0.006
2025-01-11 05:00:00,5,11,16.88,10.33,0.0,2.34,0.3595,5.69,0.167
2025-01-11 06:00:00,6,11,0.0,0.0,8.53,6.62,0.7568,6.84,0.0
2025-01-11 07:00:00,7,11,84.59,60.2,25.07,8.77,0.3606,3.87,0.837
2025-01-11 08:00:00,8,11,149.76,83.45,54.0,6.98,0.4033,4.12,1.483
2025-01-11 09:00:00,9,11,221.95,151.17,62.34,10.68,0.2669,3.64,2.197
2025-01-11 10:00:00,10,11,294.4,215.74,86.96,9.63,0.2244,5.75,2.915
2025-01-11 11:00:00,11,11,406.72,345.35,82.01,10.69,0.0,5.34,4.027
2025-01-11 12:00:00,12,11,228.32,106.84,93.91,9.29,0.5168,5.97,2.26
2025-01-11 13:00:00,13,11,294.45,182.45,77.48,10.09,0.2746,3.2,2.915
2025-01-11 14:00:00,14,11,312.18,222.28,93.15,5.79,0.2528,3.93,3.091
2025-01-11 15:00:00,15,11,202.49,126.38,71.02,13.28,0.4487,1.15,2.005
2025-01-11 16:00:00,16,11,108.46,51.03,50.42,7.7,0.4875,3.53,1.074
2025-01-11 17:00:00,17,11,76.06,59.84,25.74,3.46,0.385,0.86,0.753
2025-01-11 18:00:00,18,11,5.93,0.0,0.0,4.56,0.4479,1.45,0.059
2025-01-11 19:00:00,19,11,0.0,0.0,3.86,4.34,0.0625,1.85,0.0
2025-01-11 20:00:00,20,11,2.1,0.0,0.0,0.84,0.2592,1.32,0.021
2025-01-11 21:00:00,21,11,2.43,9.11,0.0,2.77,0.105,2.26,0.024
2025-01-11 22:00:00,22,11,0.0,0.0,0.0,2.78,0.4059,4.54,0.0
2025-01-11 23:00:00,23,11,5.19,16.04,0.27,3.82,0.0,2.43,0.051
2025-01-12 00:00:00,0,12,0.0,0.0,4.71,0.82,0.3171,3.32,0.0
2025-01-12 01:00:00,1,12,0.0,0.0,0.0,3.55,0.0637,5.2,0.0
2025-01-12 02:00:00,2,12,3.58,17.92,0.0,2.68,0.4052,6.7,0.035
2025-01-12 03:00:00,3,12,0.0,0.0,6.79,3.81,0.5939,5.71,0.0
2025-01-12 04:00:00,4,12,0.0,2.88,0.0,2.71,0.2975,5.85,0.0
2025-01-12 05:00:00,5,12,7.98,34.71,0.0,3.44,0.2054,4.79,0.079
2025-01-12 06:00:00,6,12,0.7,8.02,6.14,6.18,0.4565,7.7,0.007
2025-01-12 07:00:00,7,12,133.52,110.57,32.09,4.64,0.0,4.69,1.322
2025-01-12 08:00:00,8,12,152.78,96.77,58.6,4.76,0.3702,7.19,1.512
2025-01-12 09:00:00,9,12,219.55,123.31,76.52,4.5,0.3427,6.39,2.174
2025-01-12 10:00:00,10,12,356.02,276.04,83.12,9.76,0.0426,3.96,3.525
2025-01-12 11:00:00,11,12,354.79,246.67,103.05,10.15,0.2397,2.17,3.512
2025-01-12 12:00:00,12,12,264.25,163.6,97.75,15.56,0.4187,2.35,2.616
2025-01-12 13:00:00,13,12,337.87,228.07,107.41,11.07,0.3205,3.49,3.345
2025-01-12 14:00:00,14,12,247.09,147.68,80.71,10.39,0.3974,3.68,2.446
2025-01-12 15:00:00,15,12,208.97,146.18,68.32,7.87,0.2955,2.16,2.069
2025-01-12 16:00:00,16,12,189.98,142.72,47.24,7.01,0.0409,3.23,1.881
2025-01-12 17:00:00,17,12,94.19,62.95,32.0,6.01,0.2334,0.0,0.932
2025-01-12 18:00:00,18,12,0.0,0.0,2.05,4.86,0.0646,5.56,0.0
2025-01-12 19:00:00,19,12,3.05,0.0,0.0,3.07,0.0,0.0,0.03
2025-01-12 20:00:00,20,12,28.54,12.76,11.44,4.84,0.3884,2.02,0.283
2025-01-12 21:00:00,21,12,0.0,6.41,0.0,0.76,0.2248,2.78,0.0
2025-01-12 22:00:00,22,12,0.0,6.06,0.0,4.88,0.2243,0.9,0.0
2025-01-12 23:00:00,23,12,28.84,31.34,8.66,0.91,0.2085,2.69,0.286
2025-01-13 00:00:00,0,13,0.56,0.0,0.04,2.43,0.359,1.84,0.006
2025-01-13 01:00:00,1,13,13.72,0.0,3.12,1.22,0.2411,4.68,0.136
2025-01-13 02:00:00,2,13,22.16,19.84,0.24,4.2,0.2667,3.84,0.219
2025-01-13 03:00:00,3,13,4.71,0.0,5.84,1.31,0.229,4.49,0.047
2025-01-13 04:00:00,4,13,0.0,10.99,3.14,6.28,0.2131,9.13,0.0
2025-01-13 05:00:00,5,13,1.06,0.0,0.0,1.6,0.1382,4.35,0.01
2025-01-13 06:00:00,6,13,0.0,0.0,4.21,4.02,0.134,10.21,0.0
2025-01-13 07:00:00,7,13,90.27,47.8,35.76,9.39,0.2541,6.38,0.894
2025-01-13 08:00:00,8,13,204.06,144.38,54.25,9.98,0.075,5.88,2.02
2025-01-13 09:00:00,9,13,286.31,235.92,63.33,11.61,0.0,3.03,2.834
2025-01-13 10:00:00,10,13,272.04,146.0,98.41,10.74,0.4047,4.55,2.693
2025-01-13 11:00:00,11,13,406.37,321.82,80.53,9.56,0.0,3.85,4.023
2025-01-13 12:00:00,12,13,324.97,202.26,106.68,11.04,0.3364,1.12,3.217
2025-01-13 13:00:00,13,13,275.6,160.27,108.4,6.78,0.4398,0.52,2.728
2025-01-13 14:00:00,14,13,258.23,156.75,90.57,11.52,0.3991,4.4,2.557
2025-01-13 15:00:00,15,13,197.53,93.37,78.21,11.84,0.4412,3.55,1.956
2025-01-13 16:00:00,16,13,196.09,148.96,60.23,6.61,0.1685,1.93,1.941
2025-01-13 17:00:00,17,13,70.24,27.68,30.0,8.31,0.4938,2.2,0.695
2025-01-13 18:00:00,18,13,0.0,14.78,0.0,4.68,0.3883,2.02,0.0
2025-01-13 19:00:00,19,13,0.0,0.0,0.0,2.92,0.5202,0.39,0.0
2025-01-13 20:00:00,20,13,9.92,0.19,4.2,2.26,0.2675,3.28,0.098
2025-01-13 21:00:00,21,13,0.0,0.0,5.22,3.65,0.4394,0.49,0.0
2025-01-13 22:00:00,22,13,0.0,14.13,5.12,3.44,0.4755,3.24,0.0
2025-01-13 23:00:00,23,13,10.18,2.89,4.45,4.6,0.3026,2.64,0.101
2025-01-14 00:00:00,0,14,0.0,0.0,0.0,4.39,0.2245,6.71,0.0
2025-01-14 01:00:00,1,14,0.0,7.25,7.11,2.02,0.6328,4.67,0.0
2025-01-14 02:00:00,2,14,4.0,0.0,1.8,-0.19,0.0,5.81,0.04
2025-01-14 03:00:00,3,14,0.0,0.0,0.0,2.4,0.5526,4.54,0.0
2025-01-14 04:00:00,4,14,6.8,0.81,0.0,1.82,0.0375,7.34,0.067
2025-01-14 05:00:00,5,14,0.0,6.19,0.0,2.99,0.4683,6.15,0.0
2025-01-14 06:00:00,6,14,6.53,0.0,4.52,7.03,0.2538,1.62,0.065
2025-01-14 07:00:00,7,14,16.38,2.14,12.24,6.59,0.5858,3.73,0.162
2025-01-14 08:00:00,8,14,208.65,134.25,58.14,8.32,0.129,3.94,2.066
2025-01-14 09:00:00,9,14,234.86,169.41,72.35,6.03,0.2311,4.81,2.325
2025-01-14 10:00:00,10,14,341.31,229.66,100.19,10.19,0.1751,3.26,3.379
2025-01-14 11:00:00,11,14,335.49,220.04,96.06,8.3,0.2123,1.25,3.321
2025-01-14 12:00:00,12,14,313.63,200.76,92.28,9.19,0.2718,7.0,3.105
2025-01-14 13:00:00,13,14,305.71,171.92,101.77,11.19,0.359,1.95,3.026
2025-01-14 14:00:00,14,14,205.41,107.1,81.64,10.59,0.5293,2.04,2.034
2025-01-14 15:00:00,15,14,232.41,144.47,76.2,9.94,0.2936,2.45,2.301
2025-01-14 16:00:00,16,14,183.91,120.71,54.5,8.64,0.2616,4.81,1.821
2025-01-14 17:00:00,17,14,115.68,69.0,27.91,10.37,0.0797,2.8,1.145
2025-01-14 18:00:00,18,14,0.0,0.31,0.0,4.36,0.3819,1.57,0.0
2025-01-14 19:00:00,19,14,0.0,0.0,0.0,3.71,0.3874,2.89,0.0
2025-01-14 20:00:00,20,14,14.48,9.61,7.14,3.54,0.3941,2.13,0.143
2025-01-14 21:00:00,21,14,33.21,18.04,6.52,3.8,0.2416,2.96,0.329
2025-01-14 22:00:00,22,14,16.84,11.97,0.0,5.31,0.0668,3.94,0.167
2025-01-14 23:00:00,23,14,26.66,26.65,6.29,6.11,0.0948,3.72,0.264
2025-01-15 00:00:00,0,15,0.0,5.82,2.38,3.03,0.3455,2.82,0.0
2025-01-15 01:00:00,1,15,0.0,0.0,0.0,4.13,0.3771,0.61,0.0
2025-01-15 02:00:00,2,15,0.0,13.08,0.0,4.32,0.3922,4.4,0.0
2025-01-15 03:00:00,3,15,11.05,2.15,8.85,1.02,0.3738,5.86,0.109
2025-01-15 04:00:00,4,15,9.9,24.43,0.28,0.25,0.5356,4.24,0.098
2025-01-15 05:00:00,5,15,7.47,5.19,0.0,4.54,0.4832,4.09,0.074
2025-01-15 06:00:00,6,15,42.86,25.46,21.48,5.02,0.5829,3.28,0.424
2025-01-15 07:00:00,7,15,75.68,37.35,30.73,7.84,0.2305,6.5,0.749
2025-01-15 08:00:00,8,15,165.81,118.31,52.18,9.57,0.2893,5.44,1.641
2025-01-15 09:00:00,9,15,218.56,124.18,67.11,9.65,0.2826,3.49,2.164
2025-01-15 10:00:00,10,15,277.14,152.46,89.01,11.15,0.3442,5.58,2.744
2025-01-15 11:00:00,11,15,380.34,291.61,98.26,10.64,0.1203,3.82,3.765
2025-01-15 12:00:00,12,15,364.48,252.5,108.88,11.27,0.2252,5.23,3.608
2025-01-15 13:00:00,13,15,311.94,200.55,104.53,7.22,0.37,5.8,3.088
2025-01-15 14:00:00,14,15,234.35,133.19,88.45,9.77,0.4024,2.23,2.32
2025-01-15 15:00:00,15,15,144.44,61.98,66.41,10.32,0.6312,3.33,1.43
2025-01-15 16:00:00,16,15,132.01,75.3,53.27,8.63,0.5333,2.43,1.307
2025-01-15 17:00:00,17,15,90.01,59.82,32.41,5.68,0.3941,2.17,0.891
2025-01-15 18:00:00,18,15,2.9,23.88,0.0,6.85,0.3455,3.6,0.029
2025-01-15 19:00:00,19,15,35.07,17.77,13.83,1.41,0.3707,1.54,0.347
2025-01-15 20:00:00,20,15,12.69,10.8,10.87,2.81,0.4009,1.77,0.126
2025-01-15 21:00:00,21,15,5.91,0.0,0.0,1.12,0.8919,3.99,0.059
2025-01-15 22:00:00,22,15,1.91,0.63,4.25,1.31,0.2782,1.39,0.019
2025-01-15 23:00:00,23,15,9.01,8.75,0.0,4.36,0.3959,2.37,0.089
2025-01-16 00:00:00,0,16,0.0,13.01,3.17,4.29,0.2501,5.87,0.0
2025-01-16 01:00:00,1,16,0.0,0.0,0.0,1.38,0.9169,2.9,0.0
2025-01-16 02:00:00,2,16,0.0,3.35,0.26,4.04,0.2945,5.76,0.0
2025-01-16 03:00:00,3,16,0.0,21.21,1.17,-0.64,0.475,3.91,0.0
2025-01-16 04:00:00,4,16,0.26,0.0,0.0,7.1,0.0063,6.56,0.003
2025-01-16 05:00:00,5,16,0.0,0.0,0.18,3.43,0.4996,3.15,0.0
2025-01-16 06:00:00,6,16,0.21,0.0,0.0,5.0,0.3183,5.73,0.002
2025-01-16 07:00:00,7,16,89.72,65.87,29.84,6.46,0.3726,6.59,0.888
2025-01-16 08:00:00,8,16,132.41,82.28,56.62,11.16,0.4766,8.4,1.311
2025-01-16 09:00:00,9,16,264.43,187.71,71.55,8.32,0.1811,3.19,2.618
2025-01-16 10:00:00,10,16,258.21,159.28,86.19,8.21,0.3729,5.35,2.556
2025-01-16 11:00:00,11,16,305.89,207.75,109.62,11.88,0.3846,2.9,3.028
2025-01-16 12:00:00,12,16,424.69,309.92,96.2,11.0,0.097,3.86,4.204
2025-01-16 13:00:00,13,16,358.63,268.01,92.64,8.12,0.1739,4.9,3.55
2025-01-16 14:00:00,14,16,237.98,120.68,86.98,10.3,0.4529,4.75,2.356
2025-01-16 15:00:00,15,16,270.76,203.45,58.18,11.68,0.1471,0.81,2.681
2025-01-16 16:00:00,16,16,151.67,100.27,58.62,3.83,0.4208,1.09,1.502
2025-01-16 17:00:00,17,16,76.92,51.62,31.09,8.59,0.382,1.75,0.762
2025-01-16 18:00:00,18,16,0.0,4.16,0.0,7.34,0.0,3.36,0.0
2025-01-16 19:00:00,19,16,0.0,0.0,9.43,1.99,0.3798,0.0,0.0
2025-01-16 20:00:00,20,16,0.2,11.15,1.47,4.0,0.6014,2.81,0.002
2025-01-16 21:00:00,21,16,34.16,28.6,5.68,3.97,0.4939,4.3,0.338
2025-01-16 22:00:00,22,16,0.0,11.65,4.64,8.23,0.5949,1.87,0.0
2025-01-16 23:00:00,23,16,0.0,0.0,0.0,-2.45,0.2529,2.83,0.0
2025-01-17 00:00:00,0,17,0.0,19.35,0.07,5.74,0.4316,4.39,0.0
2025-01-17 01:00:00,1,17,4.19,15.94,1.99,4.15,0.523,5.07,0.041
2025-01-17 02:00:00,2,17,6.07,26.29,0.59,4.0,0.3,6.89,0.06
2025-01-17 03:00:00,3,17,0.18,0.0,2.66,-1.28,0.5857,7.62,0.002
2025-01-17 04:00:00,4,17,15.0,0.04,0.0,3.68,0.3916,5.68,0.148
2025-01-17 05:00:00,5,17,1.27,28.53,4.56,5.26,0.2594,7.2,0.013
2025-01-17 06:00:00,6,17,0.0,0.0,0.0,7.78,0.6536,4.55,0.0
2025-01-17 07:00:00,7,17,74.94,62.89,28.4,8.76,0.3224,6.86,0.742
2025-01-17 08:00:00,8,17,163.25,90.16,44.59,8.96,0.3502,6.22,1.616
2025-01-17 09:00:00,9,17,192.76,112.13,79.79,8.99,0.5995,6.13,1.908
2025-01-17 10:00:00,10,17,154.72,68.12,82.48,8.72,0.8641,6.18,1.532
2025-01-17 11:00:00,11,17,373.06,271.64,103.1,10.28,0.1376,0.86,3.693
2025-01-17 12:00:00,12,17,274.76,157.23,104.92,10.61,0.4586,5.19,2.72
2025-01-17 13:00:00,13,17,396.11,313.6,84.25,7.77,0.0511,4.49,3.921
2025-01-17 14:00:00,14,17,211.41,87.97,95.06,7.17,0.5823,3.46,2.093
2025-01-17 15:00:00,15,17,248.49,171.98,66.69,8.41,0.1802,3.47,2.46
2025-01-17 16:00:00,16,17,188.32,128.19,54.4,6.93,0.2685,0.0,1.864
2025-01-17 17:00:00,17,17,72.11,18.98,23.74,5.65,0.4158,4.43,0.714
2025-01-17 18:00:00,18,17,0.0,11.1,6.78,4.67,0.0171,1.05,0.0
2025-01-17 19:00:00,19,17,0.0,0.0,0.0,6.26,0.4809,1.41,0.0
2025-01-17 20:00:00,20,17,17.01,31.46,3.09,3.13,0.3779,5.0,0.168
2025-01-17 21:00:00,21,17,15.41,1.74,3.92,2.67,0.0533,1.15,0.153
2025-01-17 22:00:00,22,17,4.15,12.94,0.45,3.3,0.1611,3.86,0.041
2025-01-17 23:00:00,23,17,11.1,16.16,15.96,2.41,0.1634,2.8,0.11
2025-01-18 00:00:00,0,18,12.29,1.32,2.97,4.32,0.5148,2.76,0.122
2025-01-18 01:00:00,1,18,1.34,10.85,0.0,-0.44,0.2789,1.64,0.013
2025-01-18 02:00:00,2,18,0.0,0.0,0.0,1.84,0.1091,3.84,0.0
2025-01-18 03:00:00,3,18,19.84,19.78,6.21,2.32,0.2729,4.76,0.196
2025-01-18 04:00:00,4,18,8.76,0.0,3.43,-0.82,0.4265,6.05,0.087
2025-01-18 05:00:00,5,18,0.0,18.17,0.0,3.68,0.5134,5.88,0.0
2025-01-18 06:00:00,6,18,0.0,1.07,4.24,9.0,0.3409,6.0,0.0
2025-01-18 07:00:00,7,18,58.16,38.95,20.01,9.72,0.524,9.25,0.576
2025-01-18 08:00:00,8,18,130.54,76.99,49.84,9.85,0.3366,6.11,1.292
2025-01-18 09:00:00,9,18,185.96,108.62,83.64,12.82,0.5627,5.95,1.841
2025-01-18 10:00:00,10,18,220.11,110.42,100.28,11.0,0.542,6.21,2.179
2025-01-18 11:00:00,11,18,291.36,177.0,110.41,12.18,0.3857,1.95,2.884
2025-01-18 12:00:00,12,18,359.71,228.45,108.68,15.03,0.3179,5.02,3.561
2025-01-18 13:00:00,13,18,306.86,203.07,101.25,13.37,0.347,4.3,3.038
2025-01-18 14:00:00,14,18,264.42,155.59,101.47,8.84,0.4099,0.57,2.618
2025-01-18 15:00:00,15,18,206.44,120.01,83.28,9.14,0.4839,3.77,2.044
2025-01-18 16:00:00,16,18,153.62,92.75,62.45,5.27,0.3519,3.02,1.521
2025-01-18 17:00:00,17,18,109.41,81.81,12.56,8.31,0.0252,1.5,1.083
2025-01-18 18:00:00,18,18,12.59,24.42,9.97,6.96,0.0,2.07,0.125
2025-01-18 19:00:00,19,18,25.24,23.62,6.66,3.64,0.6266,2.73,0.25
2025-01-18 20:00:00,20,18,7.04,28.36,4.61,6.19,0.0,2.54,0.07
2025-01-18 21:00:00,21,18,5.72,0.0,0.0,5.77,0.3463,4.64,0.057
2025-01-18 22:00:00,22,18,14.52,9.56,5.55,4.16,0.1628,4.49,0.144
2025-01-18 23:00:00,23,18,21.15,16.02,10.55,1.57,0.3775,6.72,0.209
2025-01-19 00:00:00,0,19,10.69,0.0,0.0,5.8,0.4582,4.43,0.106
2025-01-19 01:00:00,1,19,15.57,7.02,10.17,3.15,0.0,4.82,0.154
2025-01-19 02:00:00,2,19,0.0,0.0,0.0,4.98,0.6,3.0,0.0
2025-01-19 03:00:00,3,19,12.36,3.67,0.66,-0.39,0.0306,4.4,0.122
2025-01-19 04:00:00,4,19,13.96,0.92,13.1,1.96,0.3627,4.71,0.138
2025-01-19 05:00:00,5,19,3.17,0.0,0.71,6.03,0.6717,8.13,0.031
2025-01-19 06:00:00,6,19,0.0,0.9,0.0,6.21,0.2009,6.01,0.0
2025-01-19 07:00:00,7,19,81.37,37.71,34.48,8.95,0.5923,5.05,0.806
2025-01-19 08:00:00,8,19,139.08,68.05,49.84,11.72,0.482,5.5,1.377
2025-01-19 09:00:00,9,19,141.79,67.26,79.59,7.75,0.6923,2.57,1.404
2025-01-19 10:00:00,10,19,190.9,93.18,82.71,11.19,0.6216,3.57,1.89
2025-01-19 11:00:00,11,19,326.95,197.81,104.82,10.46,0.3283,2.37,3.237
2025-01-19 12:00:00,12,19,349.28,226.57,107.58,11.29,0.2797,3.02,3.458
2025-01-19 13:00:00,13,19,286.24,152.44,117.2,10.68,0.5025,4.03,2.834
2025-01-19 14:00:00,14,19,194.98,72.21,94.1,13.12,0.6774,2.67,1.93
2025-01-19 15:00:00,15,19,169.22,72.85,72.68,6.35,0.5634,2.23,1.675
2025-01-19 16:00:00,16,19,88.72,30.61,34.65,8.7,0.6216,1.72,0.878
2025-01-19 17:00:00,17,19,73.15,39.92,34.21,8.41,0.6441,0.78,0.724
2025-01-19 18:00:00,18,19,0.0,8.35,5.93,6.75,0.5357,1.74,0.0
2025-01-19 19:00:00,19,19,0.0,3.02,0.0,3.22,0.4443,3.13,0.0
2025-01-19 20:00:00,20,19,0.0,0.0,0.34,3.56,0.3493,2.51,0.0
2025-01-19 21:00:00,21,19,0.0,1.76,6.45,-0.14,0.5721,2.86,0.0
2025-01-19 22:00:00,22,19,0.0,0.0,0.0,7.01,0.2472,1.1,0.0
2025-01-19 23:00:00,23,19,0.0,17.27,0.0,3.27,0.1303,2.88,0.0
2025-01-20 00:00:00,0,20,0.0,24.58,6.96,1.71,0.1786,4.97,0.0
2025-01-20 01:00:00,1,20,0.0,10.2,5.8,5.5,0.2012,3.81,0.0
2025-01-20 02:00:00,2,20,11.25,11.03,1.78,0.17,0.3341,5.17,0.111
2025-01-20 03:00:00,3,20,0.0,6.39,1.66,4.91,0.5833,6.72,0.0
2025-01-20 04:00:00,4,20,0.0,0.0,4.45,2.33,0.2286,4.69,0.0
2025-01-20 05:00:00,5,20,26.29,29.25,9.14,5.35,0.0032,6.8,0.26
2025-01-20 06:00:00,6,20,0.0,0.0,13.17,7.52,0.3186,5.3,0.0
2025-01-20 07:00:00,7,20,59.78,49.1,19.66,8.71,0.4606,7.53,0.592
2025-01-20 08:00:00,8,20,148.87,86.12,55.96,7.76,0.4445,5.06,1.474
2025-01-20 09:00:00,9,20,155.53,64.98,69.8,12.15,0.6634,6.43,1.54
2025-01-20 10:00:00,10,20,241.45,141.0,91.39,10.22,0.4796,6.45,2.39
2025-01-20 11:00:00,11,20,238.76,117.7,100.09,14.69,0.5424,1.64,2.364
2025-01-20 12:00:00,12,20,281.33,159.2,102.06,10.57,0.4232,3.2,2.785
2025-01-20 13:00:00,13,20,301.03,170.67,108.53,12.75,0.3689,4.75,2.98
2025-01-20 14:00:00,14,20,370.53,292.19,77.75,10.76,0.0594,2.83,3.668
2025-01-20 15:00:00,15,20,169.02,56.38,96.03,8.12,0.7359,4.06,1.673
2025-01-20 16:00:00,16,20,113.09,63.65,47.48,10.02,0.5616,2.61,1.12
2025-01-20 17:00:00,17,20,63.52,29.87,33.6,8.87,0.6068,3.17,0.629
2025-01-20 18:00:00,18,20,0.0,0.0,0.0,7.98,0.2346,3.46,0.0
2025-01-20 19:00:00,19,20,21.46,27.24,8.4,1.77,0.3365,4.43,0.212
2025-01-20 20:00:00,20,20,1.89,0.0,0.0,0.48,0.3553,3.22,0.019
2025-01-20 21:00:00,21,20,45.89,21.02,6.76,4.43,0.2108,4.88,0.454
2025-01-20 22:00:00,22,20,8.58,0.0,0.0,1.27,0.3804,0.16,0.085
2025-01-20 23:00:00,23,20,0.0,0.0,0.0,1.75,0.3909,4.08,0.0
2025-01-21 00:00:00,0,21,13.41,15.35,10.7,3.5,0.4319,4.46,0.133
2025-01-21 01:00:00,1,21,2.12,0.0,0.0,1.87,0.473,5.15,0.021
2025-01-21 02:00:00,2,21,0.0,0.0,0.0,5.46,0.3519,5.12,0.0
2025-01-21 03:00:00,3,21,12.13,2.9,0.0,5.54,0.1982,4.61,0.12
2025-01-21 04:00:00,4,21,0.62,11.83,0.3,1.1,0.289,6.55,0.006
2025-01-21 05:00:00,5,21,28.32,18.77,0.0,4.22,0.2737,8.85,0.28
2025-01-21 06:00:00,6,21,27.46,2.35,17.59,5.06,0.6859,6.34,0.272
2025-01-21 07:00:00,7,21,95.49,64.08,28.03,9.4,0.1161,6.35,0.945
2025-01-21 08:00:00,8,21,201.05,143.26,52.65,11.36,0.1007,7.32,1.99
2025-01-21 09:00:00,9,21,221.76,135.38,70.95,9.23,0.2197,4.29,2.195
2025-01-21 10:00:00,10,21,202.27,91.34,95.56,10.57,0.6993,5.34,2.002
2025-01-21 11:00:00,11,21,213.52,104.33,107.54,8.99,0.6907,5.65,2.114
2025-01-21 12:00:00,12,21,303.23,174.03,93.38,12.56,0.3118,4.17,3.002
2025-01-21 13:00:00,13,21,327.73,182.7,118.84,11.94,0.4076,2.38,3.245
2025-01-21 14:00:00,14,21,252.62,168.65,85.15,14.89,0.3764,2.95,2.501
2025-01-21 15:00:00,15,21,177.87,90.73,73.66,10.28,0.5763,3.06,1.761
2025-01-21 16:00:00,16,21,184.96,122.08,64.31,8.82,0.2139,4.59,1.831
2025-01-21 17:00:00,17,21,90.43,44.14,27.85,8.22,0.3316,4.45,0.895
2025-01-21 18:00:00,18,21,20.76,18.7,15.73,6.38,0.4151,5.59,0.205
2025-01-21 19:00:00,19,21,0.0,0.0,11.66,5.14,0.2737,1.57,0.0
2025-01-21 20:00:00,20,21,10.32,24.71,0.0,2.97,0.6205,1.57,0.102
2025-01-21 21:00:00,21,21,15.9,10.02,6.88,8.22,0.0,2.06,0.157
2025-01-21 22:00:00,22,21,1.78,11.04,0.0,2.24,0.2865,4.59,0.018
2025-01-21 23:00:00,23,21,0.0,0.0,7.51,4.31,0.4465,2.34,0.0
2025-01-22 00:00:00,0,22,0.2,7.48,0.0,1.91,0.3399,4.41,0.002
2025-01-22 01:00:00,1,22,8.58,0.0,4.72,5.78,0.354,5.25,0.085
2025-01-22 02:00:00,2,22,0.0,0.0,0.0,6.11,0.4018,4.82,0.0
2025-01-22 03:00:00,3,22,0.0,2.01,0.0,4.56,0.196,6.2,0.0
2025-01-22 04:00:00,4,22,21.35,21.15,4.31,1.79,0.5517,5.62,0.211
2025-01-22 05:00:00,5,22,0.0,0.0,0.0,2.25,0.2837,5.46,0.0
2025-01-22 06:00:00,6,22,2.99,26.2,2.18,6.01,0.6096,6.01,0.03
2025-01-22 07:00:00,7,22,85.47,70.97,27.4,9.61,0.4252,6.24,0.846
2025-01-22 08:00:00,8,22,225.44,186.29,46.19,9.08,0.0597,3.14,2.232
2025-01-22 09:00:00,9,22,303.36,219.49,69.95,10.59,0.1222,4.63,3.003
2025-01-22 10:00:00,10,22,317.53,197.99,94.51,11.23,0.2798,6.45,3.144
2025-01-22 11:00:00,11,22,220.93,117.46,95.2,15.08,0.6216,2.82,2.187
2025-01-22 12:00:00,12,22,223.14,127.28,104.67,9.56,0.6396,3.22,2.209
2025-01-22 13:00:00,13,22,276.35,147.11,114.1,12.94,0.5302,3.68,2.736
2025-01-22 14:00:00,14,22,342.1,256.32,90.27,14.16,0.1152,4.17,3.387
2025-01-22 15:00:00,15,22,225.43,125.05,83.22,8.48,0.4314,0.71,2.232
2025-01-22 16:00:00,16,22,152.69,95.39,60.18,9.58,0.4407,3.1,1.512
2025-01-22 17:00:00,17,22,90.33,48.5,33.12,9.22,0.3654,1.06,0.894
2025-01-22 18:00:00,18,22,0.0,0.0,0.0,9.13,0.3843,3.6,0.0
2025-01-22 19:00:00,19,22,29.58,14.65,26.77,3.14,0.4814,2.45,0.293
2025-01-22 20:00:00,20,22,5.58,12.0,1.21,7.15,0.2944,2.63,0.055
2025-01-22 21:00:00,21,22,0.0,4.18,0.0,2.38,0.428,1.42,0.0
2025-01-22 22:00:00,22,22,0.0,0.0,0.0,3.49,0.9083,3.82,0.0
2025-01-22 23:00:00,23,22,10.15,0.0,5.7,1.84,0.4849,2.55,0.1
2025-01-23 00:00:00,0,23,0.0,10.64,3.44,5.64,0.1936,4.06,0.0
2025-01-23 01:00:00,1,23,0.0,8.63,0.89,4.94,0.5325,5.09,0.0
2025-01-23 02:00:00,2,23,0.0,0.0,2.82,5.07,0.1797,2.95,0.0
2025-01-23 03:00:00,3,23,0.0,0.0,0.0,0.84,0.1809,4.18,0.0
2025-01-23 04:00:00,4,23,0.0,0.0,5.29,1.08,0.3944,5.42,0.0
2025-01-23 05:00:00,5,23,0.0,0.0,5.82,3.08,0.5821,7.59,0.0
2025-01-23 06:00:00,6,23,0.0,4.8,1.6,8.73,0.4629,5.18,0.0
2025-01-23 07:00:00,7,23,82.0,56.84,23.92,10.02,0.3854,6.63,0.812
2025-01-23 08:00:00,8,23,224.23,188.97,60.06,12.04,0.1137,5.86,2.22
2025-01-23 09:00:00,9,23,280.28,220.49,58.12,8.39,0.0448,5.32,2.775
2025-01-23 10:00:00,10,23,222.06,117.61,96.39,8.87,0.5002,6.3,2.198
2025-01-23 11:00:00,11,23,352.01,243.27,113.56,13.34,0.2802,2.79,3.485
2025-01-23 12:00:00,12,23,235.11,120.17,104.73,12.66,0.5999,4.51,2.328
2025-01-23 13:00:00,13,23,347.02,250.18,99.26,13.82,0.2084,3.42,3.435
2025-01-23 14:00:00,14,23,376.64,279.51,91.52,9.72,0.0961,5.47,3.729
2025-01-23 15:00:00,15,23,265.36,186.59,69.03,10.88,0.2018,5.0,2.627
2025-01-23 16:00:00,16,23,184.1,94.1,57.17,8.56,0.279,1.04,1.823
2025-01-23 17:00:00,17,23,59.83,28.34,24.28,4.15,0.5934,0.37,0.592
2025-01-23 18:00:00,18,23,0.0,0.0,0.0,10.18,0.5694,3.15,0.0
2025-01-23 19:00:00,19,23,19.57,5.65,11.04,0.97,0.2657,3.68,0.194
2025-01-23 20:00:00,20,23,0.0,0.0,1.39,2.7,0.2959,3.1,0.0
2025-01-23 21:00:00,21,23,9.31,10.65,2.53,2.81,0.2605,2.81,0.092
2025-01-23 22:00:00,22,23,30.93,26.6,17.09,9.87,0.4872,3.77,0.306
2025-01-23 23:00:00,23,23,10.56,0.0,1.9,2.68,0.4741,4.45,0.105
2025-01-24 00:00:00,0,24,2.07,12.18,5.02,3.46,0.3455,3.0,0.021
2025-01-24 01:00:00,1,24,11.61,0.0,3.58,4.12,0.6074,5.69,0.115
2025-01-24 02:00:00,2,24,4.26,8.06,2.13,2.44,0.5623,4.61,0.042
2025-01-24 03:00:00,3,24,0.0,0.0,0.0,3.9,0.3841,4.99,0.0
2025-01-24 04:00:00,4,24,7.32,0.0,0.0,3.09,0.3309,6.88,0.072
2025-01-24 05:00:00,5,24,11.73,0.0,4.55,4.3,0.7178,6.2,0.116
2025-01-24 06:00:00,6,24,0.0,0.65,2.1,8.44,0.4882,4.79,0.0
2025-01-24 07:00:00,7,24,49.43,25.63,13.42,6.04,0.3113,6.18,0.489
2025-01-24 08:00:00,8,24,130.11,82.23,40.59,10.26,0.3691,3.81,1.288
2025-01-24 09:00:00,9,24,223.55,138.69,79.88,9.81,0.3863,3.11,2.213
2025-01-24 10:00:00,10,24,359.04,271.91,80.95,12.37,0.0849,4.58,3.554
2025-01-24 11:00:00,11,24,372.39,265.3,104.0,15.37,0.1873,3.51,3.687
2025-01-24 12:00:00,12,24,335.58,206.89,113.69,8.69,0.3656,3.23,3.322
2025-01-24 13:00:00,13,24,357.81,248.67,90.02,12.78,0.1656,4.38,3.542
2025-01-24 14:00:00,14,24,330.11,212.57,89.9,11.91,0.1995,4.24,3.268
2025-01-24 15:00:00,15,24,279.32,175.1,76.18,11.74,0.2377,5.09,2.765
2025-01-24 16:00:00,16,24,144.71,59.16,46.55,9.54,0.479,1.73,1.433
2025-01-24 17:00:00,17,24,104.36,76.34,32.24,8.35,0.1591,3.91,1.033
2025-01-24 18:00:00,18,24,0.0,10.64,0.0,12.41,0.3819,2.56,0.0
2025-01-24 19:00:00,19,24,7.88,23.27,6.98,0.58,0.4565,4.17,0.078
2025-01-24 20:00:00,20,24,1.61,0.0,3.15,2.48,0.3121,2.42,0.016
2025-01-24 21:00:00,21,24,28.88,38.25,9.74,3.91,0.3235,2.03,0.286
2025-01-24 22:00:00,22,24,0.0,0.0,4.89,2.71,0.6015,2.94,0.0
2025-01-24 23:00:00,23,24,10.56,27.52,5.99,6.71,0.064,2.21,0.105
2025-01-25 00:00:00,0,25,0.0,0.0,3.86,4.09,0.4307,1.88,0.0
2025-01-25 01:00:00,1,25,0.0,4.91,10.32,6.61,0.1204,1.67,0.0
2025-01-25 02:00:00,2,25,14.05,0.0,5.04,6.08,0.6677,5.83,0.139
2025-01-25 03:00:00,3,25,9.16,0.0,1.16,6.16,0.1216,5.44,0.091
2025-01-25 04:00:00,4,25,13.34,18.53,10.73,5.63,0.2837,7.35,0.132
2025-01-25 05:00:00,5,25,3.98,3.03,0.45,1.46,0.53,4.5,0.039
2025-01-25 06:00:00,6,25,3.62,16.71,0.99,8.89,0.327,7.62,0.036
2025-01-25 07:00:00,7,25,97.2,58.94,39.16,9.45,0.3371,4.15,0.962
2025-01-25 08:00:00,8,25,181.81,105.85,68.84,10.48,0.4157,4.18,1.8
2025-01-25 09:00:00,9,25,184.35,96.46,78.05,11.13,0.4856,4.96,1.825
2025-01-25 10:00:00,10,25,254.29,143.45,102.23,9.76,0.4727,5.06,2.518
2025-01-25 11:00:00,11,25,311.04,189.71,109.98,12.48,0.321,2.53,3.079
2025-01-25 12:00:00,12,25,429.05,342.68,97.81,14.5,0.0754,4.53,4.248
2025-01-25 13:00:00,13,25,262.96,156.94,101.16,13.44,0.4777,2.26,2.603
2025-01-25 14:00:00,14,25,276.45,161.73,103.63,10.68,0.4188,2.03,2.737
2025-01-25 15:00:00,15,25,167.98,67.6,83.78,8.93,0.7045,0.81,1.663
2025-01-25 16:00:00,16,25,101.66,60.6,43.07,8.96,0.5902,2.88,1.006
2025-01-25 17:00:00,17,25,61.48,41.0,25.15,5.67,0.4997,1.81,0.609
2025-01-25 18:00:00,18,25,25.15,19.0,5.71,7.87,0.6597,3.28,0.249
2025-01-25 19:00:00,19,25,11.77,9.94,4.48,2.67,0.5286,0.0,0.117
2025-01-25 20:00:00,20,25,2.79,7.18,0.0,5.17,0.4514,5.35,0.028
2025-01-25 21:00:00,21,25,0.0,3.09,10.16,1.84,0.3991,2.89,0.0
2025-01-25 22:00:00,22,25,0.0,0.0,6.74,7.49,0.2235,3.67,0.0
2025-01-25 23:00:00,23,25,37.39,19.88,9.23,0.33,0.3081,5.58,0.37
2025-01-26 00:00:00,0,26,36.27,4.6,22.96,4.13,0.5802,5.21,0.359
2025-01-26 01:00:00,1,26,22.02,24.85,4.71,5.28,0.057,3.37,0.218
2025-01-26 02:00:00,2,26,0.0,0.0,4.31,6.37,0.2707,3.95,0.0
2025-01-26 03:00:00,3,26,0.0,3.28,0.0,2.22,0.4562,6.99,0.0
2025-01-26 04:00:00,4,26,30.33,19.06,5.97,6.44,0.3738,6.68,0.3
2025-01-26 05:00:00,5,26,17.86,3.01,6.74,3.64,0.5319,4.0,0.177
2025-01-26 06:00:00,6,26,20.05,15.06,0.0,3.87,0.3338,8.5,0.198
2025-01-26 07:00:00,7,26,76.37,44.28,19.14,11.13,0.3685,5.34,0.756
2025-01-26 08:00:00,8,26,116.82,69.2,55.49,11.19,0.66,6.81,1.156
2025-01-26 09:00:00,9,26,205.6,109.6,92.74,8.71,0.5112,5.42,2.035
2025-01-26 10:00:00,10,26,287.77,169.88,103.97,10.98,0.3895,2.63,2.849
2025-01-26 11:00:00,11,26,298.08,163.23,106.62,12.79,0.3885,5.31,2.951
2025-01-26 12:00:00,12,26,258.26,128.43,113.17,9.89,0.5,4.92,2.557
2025-01-26 13:00:00,13,26,362.17,238.28,111.34,12.09,0.2492,2.81,3.585
2025-01-26 14:00:00,14,26,349.34,236.51,96.67,16.57,0.1765,5.03,3.458
2025-01-26 15:00:00,15,26,194.46,84.63,73.52,13.09,0.5302,1.4,1.925
2025-01-26 16:00:00,16,26,184.79,114.42,49.06,9.39,0.2467,0.93,1.829
2025-01-26 17:00:00,17,26,85.97,63.75,24.23,7.92,0.2384,2.96,0.851
2025-01-26 18:00:00,18,26,0.0,4.7,3.34,6.69,0.3581,2.12,0.0
2025-01-26 19:00:00,19,26,0.0,7.69,2.22,4.9,0.2302,2.49,0.0
2025-01-26 20:00:00,20,26,10.45,15.64,8.3,3.78,0.3958,4.35,0.103
2025-01-26 21:00:00,21,26,9.49,8.36,4.77,2.51,0.4322,3.64,0.094
2025-01-26 22:00:00,22,26,0.0,0.71,0.0,3.01,0.9556,5.32,0.0
2025-01-26 23:00:00,23,26,0.0,0.0,0.0,0.57,0.252,4.43,0.0
2025-01-27 00:00:00,0,27,0.0,0.0,4.5,2.64,0.9496,5.95,0.0
2025-01-27 01:00:00,1,27,0.0,0.0,3.79,3.64,0.3332,3.77,0.0
2025-01-27 02:00:00,2,27,0.0,3.97,0.0,3.2,0.3499,6.14,0.0
2025-01-27 03:00:00,3,27,8.85,4.44,9.21,5.94,0.4503,6.08,0.088
2025-01-27 04:00:00,4,27,11.26,1.37,0.0,4.93,0.5752,6.55,0.111
2025-01-27 05:00:00,5,27,0.0,0.0,2.3,3.95,0.6077,3.1,0.0
2025-01-27 06:00:00,6,27,0.0,0.0,6.76,10.74,0.4647,4.18,0.0
2025-01-27 07:00:00,7,27,91.32,76.08,27.63,7.43,0.3238,8.25,0.904
2025-01-27 08:00:00,8,27,187.59,105.78,60.27,6.27,0.3147,4.15,1.857
2025-01-27 09:00:00,9,27,189.64,95.66,76.47,10.18,0.5575,5.87,1.877
2025-01-27 10:00:00,10,27,185.16,85.54,81.25,11.22,0.5862,5.61,1.833
2025-01-27 11:00:00,11,27,293.83,164.69,109.62,14.22,0.4432,3.42,2.909
2025-01-27 12:00:00,12,27,334.6,220.2,115.89,14.01,0.3771,5.85,3.313
2025-01-27 13:00:00,13,27,317.45,190.85,110.07,13.63,0.3769,3.83,3.143
2025-01-27 14:00:00,14,27,252.6,137.25,105.36,11.07,0.4367,1.84,2.501
2025-01-27 15:00:00,15,27,165.56,82.28,77.18,9.99,0.6759,2.33,1.639
2025-01-27 16:00:00,16,27,210.41,159.39,60.85,9.76,0.1131,0.0,2.083
2025-01-27 17:00:00,17,27,127.54,87.05,40.37,9.57,0.3708,0.96,1.263
2025-01-27 18:00:00,18,27,0.0,0.92,0.0,4.79,0.1189,2.02,0.0
2025-01-27 19:00:00,19,27,5.92,0.0,5.48,1.72,0.308,4.53,0.059
2025-01-27 20:00:00,20,27,0.0,4.17,8.32,4.72,0.0465,3.11,0.0
2025-01-27 21:00:00,21,27,0.0,0.0,0.0,1.53,0.3932,3.19,0.0
2025-01-27 22:00:00,22,27,4.79,0.0,2.76,3.11,0.165,5.11,0.047
2025-01-27 23:00:00,23,27,18.54,3.06,7.36,2.13,0.4544,2.86,0.184
2025-01-28 00:00:00,0,28,0.0,0.0,0.0,-0.48,0.3403,2.42,0.0
2025-01-28 01:00:00,1,28,0.0,0.0,8.95,2.92,0.5182,5.0,0.0
2025-01-28 02:00:00,2,28,9.94,0.0,2.9,0.96,0.5212,8.67,0.098
2025-01-28 03:00:00,3,28,0.0,0.0,0.0,6.9,0.0737,9.05,0.0
2025-01-28 04:00:00,4,28,0.0,0.0,0.0,3.56,0.2976,4.76,0.0
2025-01-28 05:00:00,5,28,5.93,6.68,0.64,1.99,0.437,6.93,0.059
2025-01-28 06:00:00,6,28,13.33,15.93,0.0,4.33,0.3952,4.87,0.132
2025-01-28 07:00:00,7,28,115.5,85.44,36.98,9.28,0.1815,6.24,1.143
2025-01-28 08:00:00,8,28,129.47,63.3,66.06,9.93,0.6327,5.28,1.282
2025-01-28 09:00:00,9,28,284.36,207.85,82.23,13.35,0.2251,2.46,2.815
2025-01-28 10:00:00,10,28,287.4,167.81,113.27,11.39,0.3816,4.39,2.845
2025-01-28 11:00:00,11,28,285.69,164.12,107.53,10.77,0.3979,3.27,2.828
2025-01-28 12:00:00,12,28,257.27,126.78,116.54,11.72,0.6546,2.79,2.547
2025-01-28 13:00:00,13,28,368.97,253.25,97.22,8.9,0.1938,3.81,3.653
2025-01-28 14:00:00,14,28,295.96,165.03,112.72,12.15,0.4396,2.62,2.93
2025-01-28 15:00:00,15,28,207.26,112.96,85.07,10.02,0.5416,0.53,2.052
2025-01-28 16:00:00,16,28,183.17,114.09,55.8,12.09,0.2315,0.91,1.813
2025-01-28 17:00:00,17,28,64.43,34.02,21.02,9.69,0.4494,1.05,0.638
2025-01-28 18:00:00,18,28,0.0,0.0,0.0,7.7,0.595,3.34,0.0
2025-01-28 19:00:00,19,28,33.58,33.65,11.19,3.56,0.4474,2.77,0.332
2025-01-28 20:00:00,20,28,17.49,15.64,6.36,5.57,0.2251,4.85,0.173
2025-01-28 21:00:00,21,28,0.0,15.09,4.84,3.56,0.4269,2.59,0.0
2025-01-28 22:00:00,22,28,5.43,0.0,0.0,2.42,0.4318,1.55,0.054
2025-01-28 23:00:00,23,28,9.52,4.67,3.89,1.75,0.2639,2.79,0.094
2025-01-29 00:00:00,0,29,8.92,0.0,4.43,8.7,0.5132,3.97,0.088
2025-01-29 01:00:00,1,29,0.0,0.92,0.0,4.24,0.2571,2.35,0.0
2025-01-29 02:00:00,2,29,0.0,0.0,0.0,3.95,0.2032,5.09,0.0
2025-01-29 03:00:00,3,29,0.0,3.99,0.0,5.45,0.5736,5.98,0.0
2025-01-29 04:00:00,4,29,10.7,11.4,4.08,4.8,0.5689,7.33,0.106
2025-01-29 05:00:00,5,29,0.0,1.81,2.08,2.66,0.2653,5.82,0.0
2025-01-29 06:00:00,6,29,0.0,0.0,0.0,6.99,0.3769,8.12,0.0
2025-01-29 07:00:00,7,29,95.17,42.75,22.44,7.81,0.1526,5.17,0.942
2025-01-29 08:00:00,8,29,138.89,69.02,60.22,11.86,0.6173,5.7,1.375
2025-01-29 09:00:00,9,29,248.26,165.39,76.47,15.39,0.2321,5.51,2.458
2025-01-29 10:00:00,10,29,314.59,219.02,84.63,12.74,0.2427,6.23,3.114
2025-01-29 11:00:00,11,29,285.73,165.23,113.2,10.58,0.483,7.29,2.829
2025-01-29 12:00:00,12,29,366.31,209.26,127.32,15.24,0.3254,4.04,3.626
2025-01-29 13:00:00,13,29,289.07,151.48,119.23,10.52,0.5075,2.57,2.862
2025-01-29 14:00:00,14,29,231.65,106.32,100.22,10.34,0.6211,4.1,2.293
2025-01-29 15:00:00,15,29,288.4,209.96,79.82,12.86,0.1957,2.13,2.855
2025-01-29 16:00:00,16,29,157.83,108.58,50.02,10.51,0.353,2.16,1.562
2025-01-29 17:00:00,17,29,95.43,81.34,27.16,6.58,0.1852,2.53,0.945
2025-01-29 18:00:00,18,29,51.81,34.8,16.05,10.15,0.3665,0.0,0.513
2025-01-29 19:00:00,19,29,29.92,16.57,2.28,3.51,0.4146,4.25,0.296
2025-01-29 20:00:00,20,29,0.0,0.0,0.0,5.03,0.471,4.28,0.0
2025-01-29 21:00:00,21,29,6.84,0.0,0.0,5.37,0.6062,0.57,0.068
2025-01-29 22:00:00,22,29,4.56,0.0,0.0,4.12,0.3506,3.76,0.045
2025-01-29 23:00:00,23,29,9.11,5.25,0.3,2.16,0.6081,2.72,0.09
2025-01-30 00:00:00,0,30,5.05,0.0,0.0,6.83,0.4807,4.12,0.05
2025-01-30 01:00:00,1,30,35.34,25.94,10.62,5.22,0.1154,3.97,0.35
2025-01-30 02:00:00,2,30,31.83,31.46,13.7,5.57,0.2532,3.5,0.315
2025-01-30 03:00:00,3,30,0.0,2.83,0.0,0.34,0.6543,5.89,0.0
2025-01-30 04:00:00,4,30,0.0,5.41,10.6,7.2,0.2369,5.35,0.0
2025-01-30 05:00:00,5,30,13.32,19.21,3.08,4.49,0.4005,6.38,0.132
2025-01-30 06:00:00,6,30,0.0,0.0,6.9,9.84,0.5095,6.72,0.0
2025-01-30 07:00:00,7,30,48.39,36.97,26.76,15.25,0.7426,4.14,0.479
2025-01-30 08:00:00,8,30,196.31,135.41,69.5,8.58,0.2609,7.09,1.943
2025-01-30 09:00:00,9,30,186.5,80.73,91.43,13.41,0.6312,6.31,1.846
2025-01-30 10:00:00,10,30,277.67,160.32,107.57,11.81,0.4396,3.73,2.749
2025-01-30 11:00:00,11,30,380.42,270.6,104.71,12.68,0.189,5.27,3.766
2025-01-30 12:00:00,12,30,397.64,261.1,120.83,13.38,0.2733,1.25,3.937
2025-01-30 13:00:00,13,30,388.75,246.85,120.76,15.27,0.2406,2.93,3.849
2025-01-30 14:00:00,14,30,285.7,158.59,113.72,10.4,0.4571,2.28,2.828
2025-01-30 15:00:00,15,30,279.39,201.72,81.66,8.41,0.2389,0.96,2.766
2025-01-30 16:00:00,16,30,179.28,104.54,68.18,11.45,0.4777,1.91,1.775
2025-01-30 17:00:00,17,30,78.28,64.06,13.08,10.31,0.3231,1.37,0.775
2025-01-30 18:00:00,18,30,25.38,9.15,4.89,7.16,0.3167,2.62,0.251
2025-01-30 19:00:00,19,30,0.0,0.0,6.41,4.57,0.3104,2.74,0.0
2025-01-30 20:00:00,20,30,0.0,16.78,0.0,3.53,0.3465,3.91,0.0
2025-01-30 21:00:00,21,30,0.0,0.1,0.0,4.94,0.2543,5.72,0.0
2025-01-30 22:00:00,22,30,0.0,3.26,0.19,4.5,0.466,3.37,0.0
2025-01-30 23:00:00,23,30,0.0,6.13,0.0,2.52,0.393,8.02,0.0
